Timestamp,Container,CPU Usage,Memory Usage
2023-11-24 20:09,Visualizer,63.17%,297.1
2023-11-24 20:09,EVAM,18.14%,80.2
2023-11-24 20:14,Visualizer,61.23%,297.1
2023-11-24 20:14,EVAM,19.64%,88.83
2023-11-24 20:19,Visualizer,64.29%,297.1
2023-11-24 20:19,EVAM,18.59%,80.19
2023-11-24 20:24,Visualizer,58.86%,297.1
2023-11-24 20:24,EVAM,17.98%,80.19
2023-11-24 20:29,Visualizer,57.84%,297.1
2023-11-24 20:29,EVAM,19.46%,79.8
2023-11-24 20:34,Visualizer,61.06%,297.1
2023-11-24 20:34,EVAM,19.12%,79.19
2023-11-24 20:39,Visualizer,59.82%,297.1
2023-11-24 20:39,EVAM,19.03%,79.69
2023-11-24 20:44,Visualizer,59.46%,297.1
2023-11-24 20:44,EVAM,19.93%,88.32
2023-11-24 20:50,Visualizer,62.09%,297.6
2023-11-24 20:50,EVAM,17.73%,79.66
2023-11-24 20:55,Visualizer,60.25%,298.1
2023-11-24 20:55,EVAM,18.90%,80.18
2023-11-24 21:00,Visualizer,58.46%,297.1
2023-11-24 21:00,EVAM,19.30%,88.82
2023-11-24 21:05,Visualizer,57.44%,297.1
2023-11-24 21:05,EVAM,18.69%,80.2
2023-11-24 21:10,Visualizer,57.49%,297.1
2023-11-24 21:10,EVAM,19.38%,80.18
2023-11-24 21:15,Visualizer,61.43%,297.1
2023-11-24 21:15,EVAM,19.81%,88.73
2023-11-24 21:20,Visualizer,60.67%,297.1
2023-11-24 21:20,EVAM,17.72%,79.68
2023-11-24 21:25,Visualizer,58.16%,297.1
2023-11-24 21:25,EVAM,17.96%,80.18
2023-11-24 21:30,Visualizer,60.66%,297.1
2023-11-24 21:30,EVAM,19.05%,88.3
2023-11-24 21:35,Visualizer,58.85%,297.1
2023-11-24 21:35,EVAM,19.36%,79.68
2023-11-24 21:40,Visualizer,61.52%,297.1
2023-11-24 21:40,EVAM,18.47%,88.31
2023-11-24 21:45,Visualizer,59.99%,297.2
2023-11-24 21:45,EVAM,17.82%,80.18
2023-11-24 21:50,Visualizer,58.75%,297.1
2023-11-24 21:50,EVAM,19.31%,88.74
2023-11-24 21:55,Visualizer,61.54%,297.1
2023-11-24 21:55,EVAM,18.09%,80.19
2023-11-24 22:00,Visualizer,61.26%,297.1
2023-11-24 22:00,EVAM,18.40%,79.7
2023-11-24 22:05,Visualizer,58.97%,297.1
2023-11-24 22:05,EVAM,17.73%,80.18
2023-11-24 22:11,Visualizer,61.28%,297.1
2023-11-24 22:11,EVAM,19.34%,80.32
2023-11-24 22:16,Visualizer,60.38%,297.1
2023-11-24 22:16,EVAM,19.61%,88.3
2023-11-24 22:21,Visualizer,61.51%,297.1
2023-11-24 22:21,EVAM,18.64%,79.69
2023-11-24 22:26,Visualizer,59.86%,297.1
2023-11-24 22:26,EVAM,18.12%,80.2
2023-11-24 22:31,Visualizer,62.81%,297.1
2023-11-24 22:31,EVAM,20.64%,89.3
2023-11-24 22:36,Visualizer,61.23%,297.1
2023-11-24 22:36,EVAM,19.12%,80.34
2023-11-24 22:41,Visualizer,60.44%,297.1
2023-11-24 22:41,EVAM,18.01%,80.2
2023-11-24 22:46,Visualizer,59.17%,297.5
2023-11-24 22:46,EVAM,19.40%,88.4
2023-11-24 22:51,Visualizer,60.47%,297.5
2023-11-24 22:51,EVAM,19.31%,81.4
2023-11-24 22:56,Visualizer,61.81%,297.5
2023-11-24 22:56,EVAM,18.22%,79.78
2023-11-24 23:01,Visualizer,61.37%,297.5
2023-11-24 23:01,EVAM,19.43%,80.27
2023-11-24 23:06,Visualizer,61.67%,297.5
2023-11-24 23:06,EVAM,19.08%,81.3
2023-11-24 23:11,Visualizer,59.01%,297.5
2023-11-24 23:11,EVAM,19.49%,80.28
2023-11-24 23:16,Visualizer,60.01%,297.5
2023-11-24 23:16,EVAM,19.71%,79.8
2023-11-24 23:21,Visualizer,57.98%,297.5
2023-11-24 23:21,EVAM,19.23%,79.8
2023-11-24 23:26,Visualizer,59.44%,297.5
2023-11-24 23:26,EVAM,19.95%,80.67
2023-11-24 23:31,Visualizer,61.07%,297.5
2023-11-24 23:31,EVAM,17.53%,80.41
2023-11-24 23:37,Visualizer,57.59%,297.5
2023-11-24 23:37,EVAM,19.25%,80.27
2023-11-24 23:42,Visualizer,63.04%,297.5
2023-11-24 23:42,EVAM,19.06%,79.77
2023-11-24 23:47,Visualizer,60.10%,297.5
2023-11-24 23:47,EVAM,19.20%,80.27
2023-11-24 23:52,Visualizer,59.40%,297.5
2023-11-24 23:52,EVAM,19.16%,80.55
2023-11-24 23:57,Visualizer,59.60%,297.5
2023-11-24 23:57,EVAM,20.78%,79.78
2023-11-25 0:02,Visualizer,59.87%,297.5
2023-11-25 0:02,EVAM,18.95%,80.77
2023-11-25 0:07,Visualizer,59.92%,297.5
2023-11-25 0:07,EVAM,17.59%,80.28
2023-11-25 0:12,Visualizer,60.06%,297.5
2023-11-25 0:12,EVAM,19.26%,79.79
2023-11-25 0:17,Visualizer,62.79%,297.5
2023-11-25 0:17,EVAM,17.64%,79.77
2023-11-25 0:22,Visualizer,61.63%,297.5
2023-11-25 0:22,EVAM,18.31%,79.77
2023-11-25 0:27,Visualizer,60.12%,297.5
2023-11-25 0:27,EVAM,19.51%,79.78
2023-11-25 0:32,Visualizer,59.66%,297.5
2023-11-25 0:32,EVAM,19.15%,79.78
2023-11-25 0:37,Visualizer,58.66%,297.5
2023-11-25 0:37,EVAM,19.12%,79.79
2023-11-25 0:42,Visualizer,60.05%,297.5
2023-11-25 0:42,EVAM,19.97%,80.27
2023-11-25 0:47,Visualizer,62.90%,297.5
2023-11-25 0:47,EVAM,19.58%,80.28
2023-11-25 0:52,Visualizer,61.25%,297.5
2023-11-25 0:52,EVAM,20.70%,80.43
2023-11-25 0:58,Visualizer,59.49%,297.5
2023-11-25 0:58,EVAM,19.40%,80.29
2023-11-25 1:03,Visualizer,59.83%,297.5
2023-11-25 1:03,EVAM,18.44%,80.28
2023-11-25 1:08,Visualizer,58.81%,297.6
2023-11-25 1:08,EVAM,19.36%,80.41
2023-11-25 1:13,Visualizer,61.71%,297.5
2023-11-25 1:13,EVAM,19.06%,80.41
2023-11-25 1:18,Visualizer,59.06%,297.5
2023-11-25 1:18,EVAM,18.12%,80.43
2023-11-25 1:23,Visualizer,60.96%,297.5
2023-11-25 1:23,EVAM,19.53%,80.78
2023-11-25 1:28,Visualizer,48.51%,297.5
2023-11-25 1:28,EVAM,15.32%,79.1
2023-11-25 1:33,Visualizer,46.69%,297.5
2023-11-25 1:33,EVAM,16.01%,78.86
2023-11-25 1:38,Visualizer,46.48%,297.5
2023-11-25 1:38,EVAM,14.58%,79.05
2023-11-25 1:43,Visualizer,48.57%,297.5
2023-11-25 1:43,EVAM,15.19%,78.86
2023-11-25 1:48,Visualizer,47.12%,297.5
2023-11-25 1:48,EVAM,16.93%,82.99
2023-11-25 1:53,Visualizer,47.70%,297.5
2023-11-25 1:53,EVAM,15.96%,78.43
2023-11-25 1:58,Visualizer,47.67%,297.5
2023-11-25 1:58,EVAM,16.71%,78.68
2023-11-25 2:03,Visualizer,47.24%,297.5
2023-11-25 2:03,EVAM,16.15%,79.02
2023-11-25 2:08,Visualizer,45.66%,297.5
2023-11-25 2:08,EVAM,15.84%,79.02
2023-11-25 2:14,Visualizer,49.83%,297.5
2023-11-25 2:14,EVAM,15.84%,79.07
2023-11-25 2:19,Visualizer,49.85%,297.5
2023-11-25 2:19,EVAM,16.34%,87.59
2023-11-25 2:24,Visualizer,49.02%,297.5
2023-11-25 2:24,EVAM,14.62%,78.73
2023-11-25 2:29,Visualizer,48.96%,297.5
2023-11-25 2:29,EVAM,17.58%,79
2023-11-25 2:34,Visualizer,48.73%,297.5
2023-11-25 2:34,EVAM,14.87%,78.96
2023-11-25 2:39,Visualizer,47.41%,297.5
2023-11-25 2:39,EVAM,15.68%,78.85
2023-11-25 2:44,Visualizer,46.06%,297.5
2023-11-25 2:44,EVAM,17.26%,87.47
2023-11-25 2:49,Visualizer,48.85%,297.5
2023-11-25 2:49,EVAM,15.64%,78.91
2023-11-25 2:54,Visualizer,47.51%,297.5
2023-11-25 2:54,EVAM,15.65%,78.86
2023-11-25 2:59,Visualizer,46.83%,297.5
2023-11-25 2:59,EVAM,16.07%,81.71
2023-11-25 3:04,Visualizer,50.54%,297.5
2023-11-25 3:04,EVAM,15.00%,78.7
2023-11-25 3:09,Visualizer,51.13%,297.5
2023-11-25 3:09,EVAM,15.31%,79.06
2023-11-25 3:14,Visualizer,48.41%,297.5
2023-11-25 3:14,EVAM,17.40%,78.94
2023-11-25 3:20,Visualizer,47.51%,297.5
2023-11-25 3:20,EVAM,13.99%,78.85
2023-11-25 3:25,Visualizer,46.85%,297.5
2023-11-25 3:25,EVAM,16.23%,79.05
2023-11-25 3:30,Visualizer,47.70%,297.5
2023-11-25 3:30,EVAM,16.21%,79.28
2023-11-25 3:35,Visualizer,47.14%,297.5
2023-11-25 3:35,EVAM,16.69%,79.2
2023-11-25 3:40,Visualizer,47.46%,297.5
2023-11-25 3:40,EVAM,16.02%,87.83
2023-11-25 3:45,Visualizer,49.63%,297.5
2023-11-25 3:45,EVAM,14.24%,79.01
2023-11-25 3:50,Visualizer,46.19%,297.5
2023-11-25 3:50,EVAM,14.71%,78.92
2023-11-25 3:55,Visualizer,46.76%,297.5
2023-11-25 3:55,EVAM,15.74%,79
2023-11-25 4:00,Visualizer,48.45%,297.5
2023-11-25 4:00,EVAM,15.98%,79.01
2023-11-25 4:05,Visualizer,47.21%,297.5
2023-11-25 4:05,EVAM,15.79%,78.98
2023-11-25 4:10,Visualizer,48.37%,297.5
2023-11-25 4:10,EVAM,16.25%,79.08
2023-11-25 4:15,Visualizer,48.38%,297.5
2023-11-25 4:15,EVAM,15.55%,79.18
2023-11-25 4:20,Visualizer,49.35%,297.5
2023-11-25 4:20,EVAM,16.76%,79.15
2023-11-25 4:25,Visualizer,48.13%,297.5
2023-11-25 4:25,EVAM,15.14%,78.85
2023-11-25 4:31,Visualizer,49.88%,297.5
2023-11-25 4:31,EVAM,14.46%,79.01
2023-11-25 4:36,Visualizer,46.67%,297.5
2023-11-25 4:36,EVAM,15.93%,79.34
2023-11-25 4:41,Visualizer,47.58%,297.5
2023-11-25 4:41,EVAM,15.38%,79.22
2023-11-25 4:46,Visualizer,48.52%,297.5
2023-11-25 4:46,EVAM,16.20%,78.84
2023-11-25 4:51,Visualizer,47.67%,297.5
2023-11-25 4:51,EVAM,16.96%,83.14
2023-11-25 4:56,Visualizer,47.74%,297.5
2023-11-25 4:56,EVAM,16.26%,79.2
2023-11-25 5:01,Visualizer,37.70%,323.1
2023-11-25 5:01,EVAM,12.99%,87.77
2023-11-25 5:06,Visualizer,47.24%,323.1
2023-11-25 5:06,EVAM,15.38%,79.2
2023-11-25 5:11,Visualizer,46.84%,323.2
2023-11-25 5:11,EVAM,15.17%,79.05
2023-11-25 5:16,Visualizer,47.93%,323.2
2023-11-25 5:16,EVAM,15.67%,79
2023-11-25 5:21,Visualizer,47.22%,323.1
2023-11-25 5:21,EVAM,15.51%,79.2
2023-11-25 5:26,Visualizer,47.30%,323.2
2023-11-25 5:26,EVAM,16.13%,79.21
2023-11-25 5:31,Visualizer,48.37%,323.2
2023-11-25 5:31,EVAM,15.25%,79.13
2023-11-25 5:37,Visualizer,46.08%,323.1
2023-11-25 5:37,EVAM,16.28%,78.84
2023-11-25 5:42,Visualizer,46.15%,323.1
2023-11-25 5:42,EVAM,15.62%,79.28
2023-11-25 5:47,Visualizer,46.30%,323.2
2023-11-25 5:47,EVAM,15.98%,78.84
2023-11-25 5:52,Visualizer,50.03%,323.2
2023-11-25 5:52,EVAM,15.64%,78.98
2023-11-25 5:57,Visualizer,47.61%,323.2
2023-11-25 5:57,EVAM,16.84%,85.46
2023-11-25 6:02,Visualizer,45.76%,323.1
2023-11-25 6:02,EVAM,15.90%,78.91
2023-11-25 6:07,Visualizer,48.71%,323.1
2023-11-25 6:07,EVAM,14.85%,79.14
2023-11-25 6:12,Visualizer,46.37%,323.4
2023-11-25 6:12,EVAM,14.97%,79.71
2023-11-25 6:17,Visualizer,46.27%,323.4
2023-11-25 6:17,EVAM,14.53%,80.34
2023-11-25 6:22,Visualizer,47.78%,323.4
2023-11-25 6:22,EVAM,15.16%,80.28
2023-11-25 6:27,Visualizer,47.08%,323.4
2023-11-25 6:27,EVAM,15.51%,79.98
2023-11-25 6:32,Visualizer,47.39%,323.4
2023-11-25 6:32,EVAM,15.91%,80.03
2023-11-25 6:37,Visualizer,45.39%,323.4
2023-11-25 6:37,EVAM,16.03%,80.34
2023-11-25 6:42,Visualizer,49.55%,323.4
2023-11-25 6:42,EVAM,16.32%,79.98
2023-11-25 6:48,Visualizer,48.69%,323.4
2023-11-25 6:48,EVAM,15.87%,80.14
2023-11-25 6:53,Visualizer,46.85%,323.4
2023-11-25 6:53,EVAM,15.06%,80.13
2023-11-25 6:58,Visualizer,44.90%,323.4
2023-11-25 6:58,EVAM,13.98%,80.36
2023-11-25 7:03,Visualizer,49.49%,323.4
2023-11-25 7:03,EVAM,16.64%,87.7
2023-11-25 7:08,Visualizer,47.69%,323.4
2023-11-25 7:08,EVAM,17.05%,80.02
2023-11-25 7:13,Visualizer,50.01%,323.4
2023-11-25 7:13,EVAM,15.09%,80.46
2023-11-25 7:18,Visualizer,52.26%,323.4
2023-11-25 7:18,EVAM,16.88%,80.43
2023-11-25 7:23,Visualizer,53.43%,323.4
2023-11-25 7:23,EVAM,18.21%,80.41
2023-11-25 7:28,Visualizer,54.89%,323.4
2023-11-25 7:28,EVAM,16.38%,80.69
2023-11-25 7:33,Visualizer,55.46%,323.4
2023-11-25 7:33,EVAM,16.98%,80.73
2023-11-25 7:38,Visualizer,53.49%,323.4
2023-11-25 7:38,EVAM,17.12%,80.8
2023-11-25 7:43,Visualizer,55.81%,323.4
2023-11-25 7:43,EVAM,18.62%,89.03
2023-11-25 7:48,Visualizer,55.01%,323.4
2023-11-25 7:48,EVAM,17.51%,80.82
2023-11-25 7:53,Visualizer,60.68%,323.4
2023-11-25 7:53,EVAM,20.49%,82.26
2023-11-25 7:59,Visualizer,63.29%,323.4
2023-11-25 7:59,EVAM,20.18%,81.17
2023-11-25 8:04,Visualizer,65.39%,323.4
2023-11-25 8:04,EVAM,18.91%,81.92
2023-11-25 8:09,Visualizer,61.67%,323.4
2023-11-25 8:09,EVAM,19.86%,86.28
2023-11-25 8:14,Visualizer,59.62%,323.4
2023-11-25 8:14,EVAM,18.74%,81.16
2023-11-25 8:19,Visualizer,63.74%,323.4
2023-11-25 8:19,EVAM,18.67%,81.22
2023-11-25 8:24,Visualizer,66.56%,323.4
2023-11-25 8:24,EVAM,19.05%,81.26
2023-11-25 8:29,Visualizer,62.33%,323.4
2023-11-25 8:29,EVAM,18.14%,81.84
2023-11-25 8:34,Visualizer,62.63%,323.4
2023-11-25 8:34,EVAM,20.07%,81.83
2023-11-25 8:39,Visualizer,58.61%,323.4
2023-11-25 8:39,EVAM,18.32%,81.12
2023-11-25 8:44,Visualizer,63.35%,323.4
2023-11-25 8:44,EVAM,18.49%,81.14
2023-11-25 8:49,Visualizer,60.20%,323.4
2023-11-25 8:49,EVAM,18.24%,81.82
2023-11-25 8:54,Visualizer,64.75%,323.4
2023-11-25 8:54,EVAM,18.68%,82.12
2023-11-25 8:59,Visualizer,60.80%,323.4
2023-11-25 8:59,EVAM,18.82%,81.13
2023-11-25 9:04,Visualizer,63.36%,323.4
2023-11-25 9:04,EVAM,18.44%,81.83
2023-11-25 9:09,Visualizer,63.27%,323.4
2023-11-25 9:09,EVAM,18.71%,90.46
2023-11-25 9:14,Visualizer,64.59%,323.4
2023-11-25 9:14,EVAM,19.13%,81.84
2023-11-25 9:20,Visualizer,60.29%,323.4
2023-11-25 9:20,EVAM,19.21%,81.26
2023-11-25 9:25,Visualizer,61.05%,323.4
2023-11-25 9:25,EVAM,18.32%,90.46
2023-11-25 9:30,Visualizer,60.23%,323.4
2023-11-25 9:30,EVAM,19.47%,81.12
2023-11-25 9:35,Visualizer,60.39%,323.4
2023-11-25 9:35,EVAM,18.01%,81.12
2023-11-25 9:40,Visualizer,64.65%,323.4
2023-11-25 9:40,EVAM,19.15%,81.14
2023-11-25 9:45,Visualizer,59.93%,323.4
2023-11-25 9:45,EVAM,18.42%,81.14
2023-11-25 9:50,Visualizer,61.73%,323.4
2023-11-25 9:50,EVAM,19.09%,81.86
2023-11-25 9:55,Visualizer,61.13%,323.4
2023-11-25 9:55,EVAM,19.05%,81.15
2023-11-25 10:00,Visualizer,58.98%,323.4
2023-11-25 10:00,EVAM,18.47%,81.14
2023-11-25 10:05,Visualizer,60.80%,323.4
2023-11-25 10:05,EVAM,20.11%,82.13
2023-11-25 10:10,Visualizer,62.77%,323.4
2023-11-25 10:10,EVAM,20.23%,81.14
2023-11-25 10:15,Visualizer,63.18%,323.4
2023-11-25 10:15,EVAM,18.57%,81.27
2023-11-25 10:20,Visualizer,61.97%,323.4
2023-11-25 10:20,EVAM,18.44%,81.13
2023-11-25 10:25,Visualizer,65.58%,323.4
2023-11-25 10:25,EVAM,19.15%,82.16
2023-11-25 10:30,Visualizer,61.57%,323.4
2023-11-25 10:30,EVAM,20.19%,90.76
2023-11-25 10:35,Visualizer,63.60%,323.4
2023-11-25 10:35,EVAM,17.81%,81.14
2023-11-25 10:40,Visualizer,61.41%,323.4
2023-11-25 10:40,EVAM,18.54%,81.86
2023-11-25 10:46,Visualizer,58.49%,323.4
2023-11-25 10:46,EVAM,18.70%,81.85
2023-11-25 10:51,Visualizer,62.59%,323.4
2023-11-25 10:51,EVAM,19.60%,81.13
2023-11-25 10:56,Visualizer,55.53%,323.4
2023-11-25 10:56,EVAM,18.20%,81.13
2023-11-25 11:01,Visualizer,64.71%,323.4
2023-11-25 11:01,EVAM,19.36%,81.27
2023-11-25 11:06,Visualizer,61.01%,323.4
2023-11-25 11:06,EVAM,18.92%,81.14
2023-11-25 11:11,Visualizer,64.43%,323.4
2023-11-25 11:11,EVAM,20.02%,81.98
2023-11-25 11:16,Visualizer,61.16%,323.4
2023-11-25 11:16,EVAM,19.71%,81.18
2023-11-25 11:21,Visualizer,62.80%,323.4
2023-11-25 11:21,EVAM,20.22%,81.31
2023-11-25 11:26,Visualizer,64.34%,323.4
2023-11-25 11:26,EVAM,18.40%,82.18
2023-11-25 11:31,Visualizer,64.75%,323.4
2023-11-25 11:31,EVAM,19.10%,81.18
2023-11-25 11:36,Visualizer,60.67%,323.4
2023-11-25 11:36,EVAM,17.86%,81.17
2023-11-25 11:41,Visualizer,61.79%,323.4
2023-11-25 11:41,EVAM,19.24%,82.18
2023-11-25 11:46,Visualizer,60.67%,323.4
2023-11-25 11:46,EVAM,20.11%,81.89
2023-11-25 11:51,Visualizer,63.67%,323.4
2023-11-25 11:51,EVAM,19.56%,81.18
2023-11-25 11:56,Visualizer,62.93%,323.4
2023-11-25 11:56,EVAM,19.82%,81.89
2023-11-25 12:01,Visualizer,61.72%,323.4
2023-11-25 12:01,EVAM,18.77%,81.18
2023-11-25 12:07,Visualizer,62.53%,323.4
2023-11-25 12:07,EVAM,20.67%,82.16
2023-11-25 12:12,Visualizer,61.25%,323.4
2023-11-25 12:12,EVAM,19.55%,81.24
2023-11-25 12:17,Visualizer,58.32%,323.4
2023-11-25 12:17,EVAM,19.28%,81.87
2023-11-25 12:22,Visualizer,60.45%,323.4
2023-11-25 12:22,EVAM,20.01%,81.88
2023-11-25 12:27,Visualizer,61.80%,323.4
2023-11-25 12:27,EVAM,20.20%,81.88
2023-11-25 12:32,Visualizer,61.26%,323.4
2023-11-25 12:32,EVAM,20.70%,89.78
2023-11-25 12:37,Visualizer,64.54%,323.4
2023-11-25 12:37,EVAM,19.90%,81.3
2023-11-25 12:42,Visualizer,62.32%,323.4
2023-11-25 12:42,EVAM,18.60%,82.16
2023-11-25 12:47,Visualizer,63.88%,323.4
2023-11-25 12:47,EVAM,18.64%,81.17
2023-11-25 12:52,Visualizer,59.04%,323.4
2023-11-25 12:52,EVAM,19.22%,81.17
2023-11-25 12:57,Visualizer,61.96%,323.4
2023-11-25 12:57,EVAM,19.83%,90.51
2023-11-25 13:02,Visualizer,62.87%,323.5
2023-11-25 13:02,EVAM,18.54%,81.86
2023-11-25 13:07,Visualizer,64.41%,323.4
2023-11-25 13:07,EVAM,18.40%,81.18
2023-11-25 13:12,Visualizer,61.85%,323.4
2023-11-25 13:12,EVAM,20.14%,82.16
2023-11-25 13:17,Visualizer,63.32%,323.4
2023-11-25 13:17,EVAM,20.05%,89.79
2023-11-25 13:22,Visualizer,61.99%,323.4
2023-11-25 13:22,EVAM,19.53%,81.17
2023-11-25 13:27,Visualizer,60.92%,323.4
2023-11-25 13:27,EVAM,19.18%,81.16
2023-11-25 13:33,Visualizer,61.45%,323.4
2023-11-25 13:33,EVAM,18.55%,81.86
2023-11-25 13:38,Visualizer,59.49%,323.4
2023-11-25 13:38,EVAM,19.22%,81.15
2023-11-25 13:43,Visualizer,59.95%,323.4
2023-11-25 13:43,EVAM,19.32%,81.14
2023-11-25 13:48,Visualizer,58.14%,323.4
2023-11-25 13:48,EVAM,24.11%,80.22
2023-11-25 13:53,Visualizer,57.93%,323.4
2023-11-25 13:53,EVAM,18.89%,86.16
2023-11-25 13:58,Visualizer,64.90%,323.4
2023-11-25 13:58,EVAM,19.08%,82.15
2023-11-25 14:03,Visualizer,61.57%,323.4
2023-11-25 14:03,EVAM,18.17%,81.16
2023-11-25 14:08,Visualizer,60.70%,323.4
2023-11-25 14:08,EVAM,18.64%,81.17
2023-11-25 14:13,Visualizer,60.42%,323.4
2023-11-25 14:13,EVAM,20.18%,81.16
2023-11-25 14:18,Visualizer,58.73%,323.4
2023-11-25 14:18,EVAM,18.18%,81.88
2023-11-25 14:23,Visualizer,62.82%,323.4
2023-11-25 14:23,EVAM,19.64%,81.17
2023-11-25 14:28,Visualizer,60.93%,323.4
2023-11-25 14:28,EVAM,19.80%,90.78
2023-11-25 14:33,Visualizer,64.14%,323.4
2023-11-25 14:33,EVAM,19.07%,82.24
2023-11-25 14:38,Visualizer,59.26%,323.4
2023-11-25 14:38,EVAM,18.86%,81.18
2023-11-25 14:43,Visualizer,61.65%,323.4
2023-11-25 14:43,EVAM,19.01%,81.86
2023-11-25 14:48,Visualizer,63.48%,323.5
2023-11-25 14:48,EVAM,19.03%,81.88
2023-11-25 14:54,Visualizer,61.42%,323.5
2023-11-25 14:54,EVAM,18.70%,81.18
2023-11-25 14:59,Visualizer,60.17%,323.5
2023-11-25 14:59,EVAM,19.30%,81.25
2023-11-25 15:04,Visualizer,62.35%,323.5
2023-11-25 15:04,EVAM,18.84%,81.16
2023-11-25 15:09,Visualizer,61.36%,323.5
2023-11-25 15:09,EVAM,19.22%,81.16
2023-11-25 15:14,Visualizer,65.51%,323.5
2023-11-25 15:14,EVAM,18.39%,81.17
2023-11-25 15:19,Visualizer,60.90%,323.5
2023-11-25 15:19,EVAM,20.91%,81.18
2023-11-25 15:24,Visualizer,60.15%,323.5
2023-11-25 15:24,EVAM,19.96%,81.86
2023-11-25 15:29,Visualizer,63.31%,323.5
2023-11-25 15:29,EVAM,17.93%,82.15
2023-11-25 15:34,Visualizer,62.59%,323.5
2023-11-25 15:34,EVAM,19.13%,81.16
2023-11-25 15:39,Visualizer,60.65%,323.5
2023-11-25 15:39,EVAM,19.84%,81.17
2023-11-25 15:44,Visualizer,59.36%,323.5
2023-11-25 15:44,EVAM,19.56%,81.17
2023-11-25 15:49,Visualizer,63.47%,323.5
2023-11-25 15:49,EVAM,20.12%,81.86
2023-11-25 15:54,Visualizer,59.45%,323.5
2023-11-25 15:54,EVAM,21.17%,81.28
2023-11-25 15:59,Visualizer,65.41%,323.5
2023-11-25 15:59,EVAM,20.72%,81.16
2023-11-25 16:04,Visualizer,61.95%,323.5
2023-11-25 16:04,EVAM,21.44%,90.47
2023-11-25 16:09,Visualizer,62.63%,323.5
2023-11-25 16:09,EVAM,19.82%,81.84
2023-11-25 16:14,Visualizer,59.70%,323.5
2023-11-25 16:14,EVAM,18.12%,81.16
2023-11-25 16:20,Visualizer,56.13%,323.5
2023-11-25 16:20,EVAM,18.26%,81.16
2023-11-25 16:25,Visualizer,59.00%,323.5
2023-11-25 16:25,EVAM,18.77%,81.16
2023-11-25 16:30,Visualizer,62.49%,323.5
2023-11-25 16:30,EVAM,18.86%,81.16
2023-11-25 16:35,Visualizer,62.64%,323.5
2023-11-25 16:35,EVAM,19.32%,82.15
2023-11-25 16:40,Visualizer,62.06%,323.5
2023-11-25 16:40,EVAM,19.70%,81.95
2023-11-25 16:45,Visualizer,61.56%,323.5
2023-11-25 16:45,EVAM,17.84%,81.82
2023-11-25 16:50,Visualizer,66.08%,323.5
2023-11-25 16:50,EVAM,20.35%,81.93
2023-11-25 16:55,Visualizer,60.57%,323.5
2023-11-25 16:55,EVAM,17.82%,81.79
2023-11-25 17:00,Visualizer,63.64%,323.5
2023-11-25 17:00,EVAM,19.55%,81.15
2023-11-25 17:05,Visualizer,61.73%,323.5
2023-11-25 17:05,EVAM,19.89%,81.19
2023-11-25 17:10,Visualizer,59.66%,323.5
2023-11-25 17:10,EVAM,20.04%,81.77
2023-11-25 17:15,Visualizer,58.70%,323.5
2023-11-25 17:15,EVAM,20.96%,90.4
2023-11-25 17:20,Visualizer,58.52%,323.5
2023-11-25 17:20,EVAM,20.37%,82.01
2023-11-25 17:25,Visualizer,61.03%,323.5
2023-11-25 17:25,EVAM,17.67%,81.75
2023-11-25 17:30,Visualizer,60.99%,323.5
2023-11-25 17:30,EVAM,20.17%,81.23
2023-11-25 17:35,Visualizer,60.60%,323.5
2023-11-25 17:35,EVAM,18.61%,81.09
2023-11-25 17:41,Visualizer,57.61%,323.6
2023-11-25 17:41,EVAM,16.83%,82.05
2023-11-25 17:46,Visualizer,59.04%,323.6
2023-11-25 17:46,EVAM,19.49%,81.14
2023-11-25 17:51,Visualizer,59.11%,323.6
2023-11-25 17:51,EVAM,18.52%,81.07
2023-11-25 17:56,Visualizer,58.28%,323.6
2023-11-25 17:56,EVAM,19.77%,81.71
2023-11-25 18:01,Visualizer,61.64%,323.6
2023-11-25 18:01,EVAM,17.85%,81.72
2023-11-25 18:06,Visualizer,56.16%,323.6
2023-11-25 18:06,EVAM,18.00%,81.14
2023-11-25 18:11,Visualizer,60.18%,323.6
2023-11-25 18:11,EVAM,18.41%,81.7
2023-11-25 18:16,Visualizer,60.77%,323.6
2023-11-25 18:16,EVAM,18.54%,82.18
2023-11-25 18:21,Visualizer,60.03%,323.6
2023-11-25 18:21,EVAM,18.15%,81.55
2023-11-25 18:26,Visualizer,60.59%,323.6
2023-11-25 18:26,EVAM,19.86%,81.56
2023-11-25 18:31,Visualizer,59.18%,323.6
2023-11-25 18:31,EVAM,19.03%,81.57
2023-11-25 18:36,Visualizer,59.00%,323.6
2023-11-25 18:36,EVAM,19.77%,90.2
2023-11-25 18:41,Visualizer,62.37%,323.6
2023-11-25 18:41,EVAM,19.52%,81.05
2023-11-25 18:46,Visualizer,60.36%,323.6
2023-11-25 18:46,EVAM,20.05%,81.88
2023-11-25 18:51,Visualizer,58.91%,323.6
2023-11-25 18:51,EVAM,19.37%,89.79
2023-11-25 18:56,Visualizer,57.46%,323.6
2023-11-25 18:56,EVAM,18.50%,81.72
2023-11-25 19:02,Visualizer,59.83%,323.6
2023-11-25 19:02,EVAM,19.74%,81.23
2023-11-25 19:07,Visualizer,59.48%,323.6
2023-11-25 19:07,EVAM,20.12%,89.85
2023-11-25 19:12,Visualizer,63.64%,323.6
2023-11-25 19:12,EVAM,19.32%,81.73
2023-11-25 19:17,Visualizer,59.28%,323.6
2023-11-25 19:17,EVAM,19.55%,89.86
2023-11-25 19:22,Visualizer,59.98%,323.6
2023-11-25 19:22,EVAM,18.41%,82.21
2023-11-25 19:27,Visualizer,59.45%,323.6
2023-11-25 19:27,EVAM,17.47%,81.28
2023-11-25 19:32,Visualizer,61.07%,323.6
2023-11-25 19:32,EVAM,19.53%,85.35
2023-11-25 19:37,Visualizer,61.76%,323.6
2023-11-25 19:37,EVAM,17.52%,81.71
2023-11-25 19:42,Visualizer,58.54%,323.6
2023-11-25 19:42,EVAM,18.77%,81.21
2023-11-25 19:47,Visualizer,60.68%,323.6
2023-11-25 19:47,EVAM,18.56%,81.87
2023-11-25 19:52,Visualizer,60.39%,323.6
2023-11-25 19:52,EVAM,19.12%,81.83
2023-11-25 19:57,Visualizer,64.65%,323.6
2023-11-25 19:57,EVAM,20.30%,81.72
2023-11-25 20:02,Visualizer,60.45%,323.6
2023-11-25 20:02,EVAM,17.56%,82.21
2023-11-25 20:07,Visualizer,59.04%,323.6
2023-11-25 20:07,EVAM,17.98%,81.71
2023-11-25 20:12,Visualizer,56.62%,323.7
2023-11-25 20:12,EVAM,17.78%,81.75
2023-11-25 20:17,Visualizer,58.29%,323.6
2023-11-25 20:17,EVAM,20.89%,81.72
2023-11-25 20:23,Visualizer,61.98%,323.7
2023-11-25 20:23,EVAM,20.12%,89.86
2023-11-25 20:28,Visualizer,44.09%,323.6
2023-11-25 20:28,EVAM,14.70%,86.65
2023-11-25 20:33,Visualizer,48.40%,323.6
2023-11-25 20:33,EVAM,15.68%,80.13
2023-11-25 20:38,Visualizer,46.88%,323.7
2023-11-25 20:38,EVAM,14.47%,80.11
2023-11-25 20:43,Visualizer,51.58%,323.6
2023-11-25 20:43,EVAM,16.98%,80.36
2023-11-25 20:48,Visualizer,45.02%,323.7
2023-11-25 20:48,EVAM,17.85%,80.2
2023-11-25 20:53,Visualizer,46.13%,323.7
2023-11-25 20:53,EVAM,15.04%,80.19
2023-11-25 20:58,Visualizer,46.58%,323.7
2023-11-25 20:58,EVAM,15.97%,80.46
2023-11-25 21:03,Visualizer,45.96%,323.7
2023-11-25 21:03,EVAM,16.10%,80.29
2023-11-25 21:08,Visualizer,43.57%,323.7
2023-11-25 21:08,EVAM,14.80%,80.11
2023-11-25 21:13,Visualizer,46.65%,323.7
2023-11-25 21:13,EVAM,13.87%,80.45
2023-11-25 21:18,Visualizer,47.83%,323.7
2023-11-25 21:18,EVAM,16.12%,80.46
2023-11-25 21:23,Visualizer,46.89%,323.7
2023-11-25 21:23,EVAM,15.29%,80.09
2023-11-25 21:28,Visualizer,47.90%,323.7
2023-11-25 21:28,EVAM,16.46%,80.15
2023-11-25 21:34,Visualizer,45.63%,323.7
2023-11-25 21:34,EVAM,16.96%,80.32
2023-11-25 21:39,Visualizer,51.36%,323.7
2023-11-25 21:39,EVAM,15.86%,80.55
2023-11-25 21:44,Visualizer,46.34%,323.5
2023-11-25 21:44,EVAM,15.54%,80.35
2023-11-25 21:49,Visualizer,50.13%,324.2
2023-11-25 21:49,EVAM,13.55%,81.22
2023-11-25 21:54,Visualizer,45.52%,324.2
2023-11-25 21:54,EVAM,15.49%,81
2023-11-25 21:59,Visualizer,45.50%,324.1
2023-11-25 21:59,EVAM,14.71%,81.37
2023-11-25 22:04,Visualizer,48.08%,323.9
2023-11-25 22:04,EVAM,16.32%,81.1
2023-11-25 22:09,Visualizer,48.12%,323.7
2023-11-25 22:09,EVAM,16.06%,81.16
2023-11-25 22:14,Visualizer,46.53%,323.1
2023-11-25 22:14,EVAM,15.21%,89.63
2023-11-25 22:19,Visualizer,45.50%,323.1
2023-11-25 22:19,EVAM,14.46%,81.08
2023-11-25 22:24,Visualizer,45.20%,323.1
2023-11-25 22:24,EVAM,16.05%,89.79
2023-11-25 22:29,Visualizer,47.47%,323.1
2023-11-25 22:29,EVAM,15.18%,81.16
2023-11-25 22:34,Visualizer,47.71%,323.1
2023-11-25 22:34,EVAM,15.59%,80.95
2023-11-25 22:39,Visualizer,47.10%,323.1
2023-11-25 22:39,EVAM,15.81%,81.22
2023-11-25 22:45,Visualizer,46.71%,322.9
2023-11-25 22:45,EVAM,15.63%,81.09
2023-11-25 22:50,Visualizer,45.44%,322.8
2023-11-25 22:50,EVAM,14.07%,80.53
2023-11-25 22:55,Visualizer,46.85%,322.8
2023-11-25 22:55,EVAM,14.57%,81.31
2023-11-25 23:00,Visualizer,48.55%,322.7
2023-11-25 23:00,EVAM,16.57%,81.21
2023-11-25 23:05,Visualizer,46.21%,322.7
2023-11-25 23:05,EVAM,17.04%,81.04
2023-11-25 23:10,Visualizer,46.51%,322.7
2023-11-25 23:10,EVAM,15.81%,81.27
2023-11-25 23:15,Visualizer,45.95%,322.7
2023-11-25 23:15,EVAM,14.80%,81.34
2023-11-25 23:20,Visualizer,45.14%,322.7
2023-11-25 23:20,EVAM,15.92%,81.27
2023-11-25 23:25,Visualizer,46.43%,322.7
2023-11-25 23:25,EVAM,15.93%,80.9
2023-11-25 23:30,Visualizer,43.68%,322.7
2023-11-25 23:30,EVAM,16.14%,81.05
2023-11-25 23:35,Visualizer,48.74%,322.7
2023-11-25 23:35,EVAM,14.97%,81.27
2023-11-25 23:40,Visualizer,46.10%,322.7
2023-11-25 23:40,EVAM,14.93%,81.29
2023-11-25 23:45,Visualizer,46.09%,322.7
2023-11-25 23:45,EVAM,15.51%,81.11
2023-11-25 23:51,Visualizer,45.63%,322.7
2023-11-25 23:51,EVAM,15.05%,81.11
2023-11-25 23:56,Visualizer,47.06%,322.7
2023-11-25 23:56,EVAM,14.78%,81.05
2023-11-26 0:01,Visualizer,49.74%,322.7
2023-11-26 0:01,EVAM,14.95%,80.99
2023-11-26 0:06,Visualizer,46.59%,322.7
2023-11-26 0:06,EVAM,15.86%,80.92
2023-11-26 0:11,Visualizer,46.42%,322.7
2023-11-26 0:11,EVAM,16.00%,81.29
2023-11-26 0:16,Visualizer,49.43%,322.7
2023-11-26 0:16,EVAM,15.98%,80.93
2023-11-26 0:21,Visualizer,44.27%,322.7
2023-11-26 0:21,EVAM,14.55%,80.89
2023-11-26 0:26,Visualizer,46.28%,322.7
2023-11-26 0:26,EVAM,14.02%,81.26
2023-11-26 0:31,Visualizer,46.58%,322.7
2023-11-26 0:31,EVAM,15.37%,81.05
2023-11-26 0:36,Visualizer,47.63%,322.7
2023-11-26 0:36,EVAM,16.13%,81.24
2023-11-26 0:41,Visualizer,45.05%,322.7
2023-11-26 0:41,EVAM,14.25%,81.23
2023-11-26 0:46,Visualizer,47.45%,322.7
2023-11-26 0:46,EVAM,15.85%,81.02
2023-11-26 0:51,Visualizer,46.00%,322.7
2023-11-26 0:51,EVAM,14.85%,81.25
2023-11-26 0:56,Visualizer,48.52%,322.7
2023-11-26 0:56,EVAM,16.39%,81.25
2023-11-26 1:02,Visualizer,47.73%,322.7
2023-11-26 1:02,EVAM,14.91%,81.03
2023-11-26 1:07,Visualizer,46.21%,322.7
2023-11-26 1:07,EVAM,15.56%,81.04
2023-11-26 1:12,Visualizer,44.96%,322.7
2023-11-26 1:12,EVAM,15.85%,81.05
2023-11-26 1:17,Visualizer,45.77%,322.7
2023-11-26 1:17,EVAM,14.91%,81.05
2023-11-26 1:22,Visualizer,43.96%,322.7
2023-11-26 1:22,EVAM,14.98%,81.26
2023-11-26 1:27,Visualizer,44.28%,322.7
2023-11-26 1:27,EVAM,15.47%,81.25
2023-11-26 1:32,Visualizer,46.09%,322.7
2023-11-26 1:32,EVAM,14.95%,81.2
2023-11-26 1:37,Visualizer,47.24%,322.7
2023-11-26 1:37,EVAM,15.00%,80.89
2023-11-26 1:42,Visualizer,45.79%,322.7
2023-11-26 1:42,EVAM,16.20%,81.23
2023-11-26 1:47,Visualizer,44.84%,322.7
2023-11-26 1:47,EVAM,15.77%,81.35
2023-11-26 1:52,Visualizer,46.65%,322.7
2023-11-26 1:52,EVAM,15.29%,80.88
2023-11-26 1:57,Visualizer,44.99%,322.7
2023-11-26 1:57,EVAM,16.54%,83.86
2023-11-26 2:02,Visualizer,46.06%,322.7
2023-11-26 2:02,EVAM,14.54%,81.2
2023-11-26 2:08,Visualizer,45.52%,322.7
2023-11-26 2:08,EVAM,15.30%,81.09
2023-11-26 2:13,Visualizer,45.98%,322.7
2023-11-26 2:13,EVAM,15.21%,81.08
2023-11-26 2:18,Visualizer,46.72%,322.7
2023-11-26 2:18,EVAM,14.68%,81.01
2023-11-26 2:23,Visualizer,45.41%,322.7
2023-11-26 2:23,EVAM,14.82%,81.01
2023-11-26 2:28,Visualizer,47.87%,322.7
2023-11-26 2:28,EVAM,15.10%,80.98
2023-11-26 2:33,Visualizer,45.61%,322.7
2023-11-26 2:33,EVAM,14.70%,81
2023-11-26 2:38,Visualizer,47.58%,322.7
2023-11-26 2:38,EVAM,14.75%,81.22
2023-11-26 2:43,Visualizer,44.32%,322.7
2023-11-26 2:43,EVAM,16.09%,80.91
2023-11-26 2:48,Visualizer,43.69%,322.8
2023-11-26 2:48,EVAM,14.81%,80.98
2023-11-26 2:53,Visualizer,44.64%,322.8
2023-11-26 2:53,EVAM,16.14%,80.99
2023-11-26 2:58,Visualizer,45.43%,322.8
2023-11-26 2:58,EVAM,14.16%,81.03
2023-11-26 3:03,Visualizer,45.53%,322.8
2023-11-26 3:03,EVAM,14.27%,81.18
2023-11-26 3:08,Visualizer,45.22%,322.7
2023-11-26 3:08,EVAM,15.38%,81.2
2023-11-26 3:13,Visualizer,45.96%,322.7
2023-11-26 3:13,EVAM,15.07%,81.03
2023-11-26 3:19,Visualizer,46.16%,322.7
2023-11-26 3:19,EVAM,14.70%,81.32
2023-11-26 3:24,Visualizer,44.79%,322.7
2023-11-26 3:24,EVAM,14.73%,81.04
2023-11-26 3:29,Visualizer,43.84%,322.7
2023-11-26 3:29,EVAM,16.03%,80.85
2023-11-26 3:34,Visualizer,47.09%,322.6
2023-11-26 3:34,EVAM,14.15%,80.83
2023-11-26 3:39,Visualizer,46.89%,322.6
2023-11-26 3:39,EVAM,14.56%,80.85
2023-11-26 3:44,Visualizer,43.05%,322.6
2023-11-26 3:44,EVAM,15.65%,81.09
2023-11-26 3:49,Visualizer,47.52%,322.6
2023-11-26 3:49,EVAM,15.81%,80.99
2023-11-26 3:54,Visualizer,44.99%,322.9
2023-11-26 3:54,EVAM,14.30%,80.75
2023-11-26 3:59,Visualizer,46.92%,322.9
2023-11-26 3:59,EVAM,14.62%,80.8
2023-11-26 4:04,Visualizer,44.73%,322.9
2023-11-26 4:04,EVAM,15.85%,88.91
2023-11-26 4:09,Visualizer,45.66%,322.9
2023-11-26 4:09,EVAM,14.95%,81.16
2023-11-26 4:14,Visualizer,47.31%,322.9
2023-11-26 4:14,EVAM,16.19%,80.94
2023-11-26 4:19,Visualizer,46.31%,322.9
2023-11-26 4:19,EVAM,15.36%,81.17
2023-11-26 4:24,Visualizer,45.74%,322.9
2023-11-26 4:24,EVAM,15.67%,81.07
2023-11-26 4:30,Visualizer,47.12%,322.9
2023-11-26 4:30,EVAM,15.98%,81.01
2023-11-26 4:35,Visualizer,47.34%,322.9
2023-11-26 4:35,EVAM,16.03%,81.16
2023-11-26 4:40,Visualizer,45.46%,322.9
2023-11-26 4:40,EVAM,14.48%,80.93
2023-11-26 4:45,Visualizer,47.27%,322.9
2023-11-26 4:45,EVAM,14.60%,80.99
2023-11-26 4:50,Visualizer,43.42%,322.9
2023-11-26 4:50,EVAM,14.74%,86.37
2023-11-26 4:55,Visualizer,45.74%,322.9
2023-11-26 4:55,EVAM,14.59%,80.95
2023-11-26 5:00,Visualizer,43.42%,322.9
2023-11-26 5:00,EVAM,16.06%,81.15
2023-11-26 5:05,Visualizer,45.38%,322.6
2023-11-26 5:05,EVAM,15.52%,80.47
2023-11-26 5:10,Visualizer,43.95%,322.6
2023-11-26 5:10,EVAM,15.01%,80.74
2023-11-26 5:15,Visualizer,44.30%,322.6
2023-11-26 5:15,EVAM,15.25%,80.46
2023-11-26 5:20,Visualizer,47.31%,322.6
2023-11-26 5:20,EVAM,15.89%,80.68
2023-11-26 5:25,Visualizer,44.24%,322.6
2023-11-26 5:25,EVAM,14.82%,80.66
2023-11-26 5:30,Visualizer,46.65%,322.6
2023-11-26 5:30,EVAM,15.30%,80.94
2023-11-26 5:36,Visualizer,45.86%,322.6
2023-11-26 5:36,EVAM,14.98%,80.61
2023-11-26 5:41,Visualizer,44.76%,322.6
2023-11-26 5:41,EVAM,15.63%,80.7
2023-11-26 5:46,Visualizer,47.71%,322.6
2023-11-26 5:46,EVAM,14.67%,80.66
2023-11-26 5:51,Visualizer,42.12%,322.6
2023-11-26 5:51,EVAM,12.96%,80.51
2023-11-26 5:56,Visualizer,43.82%,322.6
2023-11-26 5:56,EVAM,14.32%,80.6
2023-11-26 6:01,Visualizer,46.72%,322.6
2023-11-26 6:01,EVAM,14.81%,80.81
2023-11-26 6:06,Visualizer,45.92%,322.6
2023-11-26 6:06,EVAM,15.76%,80.19
2023-11-26 6:11,Visualizer,44.04%,322.6
2023-11-26 6:11,EVAM,14.05%,80.49
2023-11-26 6:16,Visualizer,44.39%,322.6
2023-11-26 6:16,EVAM,15.16%,80.59
2023-11-26 6:21,Visualizer,43.60%,322.6
2023-11-26 6:21,EVAM,15.30%,80.46
2023-11-26 6:26,Visualizer,43.58%,322.6
2023-11-26 6:26,EVAM,15.16%,80.6
2023-11-26 6:31,Visualizer,46.00%,322.6
2023-11-26 6:31,EVAM,16.09%,80.93
2023-11-26 6:36,Visualizer,45.97%,322.6
2023-11-26 6:36,EVAM,14.80%,80.81
2023-11-26 6:41,Visualizer,45.54%,322.6
2023-11-26 6:41,EVAM,13.84%,80.8
2023-11-26 6:47,Visualizer,43.37%,322.6
2023-11-26 6:47,EVAM,15.07%,80.94
2023-11-26 6:52,Visualizer,46.56%,322.6
2023-11-26 6:52,EVAM,14.16%,80.82
2023-11-26 6:57,Visualizer,47.06%,322.6
2023-11-26 6:57,EVAM,16.60%,84.39
2023-11-26 7:02,Visualizer,46.75%,322.6
2023-11-26 7:02,EVAM,14.41%,80.66
2023-11-26 7:07,Visualizer,45.81%,322.6
2023-11-26 7:07,EVAM,16.30%,80.67
2023-11-26 7:12,Visualizer,46.60%,322.6
2023-11-26 7:12,EVAM,15.39%,80.67
2023-11-26 7:17,Visualizer,47.10%,322.6
2023-11-26 7:17,EVAM,15.78%,80.62
2023-11-26 7:22,Visualizer,47.56%,322.6
2023-11-26 7:22,EVAM,14.81%,80.62
2023-11-26 7:27,Visualizer,48.36%,322.6
2023-11-26 7:27,EVAM,16.21%,80.62
2023-11-26 7:32,Visualizer,48.35%,322.6
2023-11-26 7:32,EVAM,14.64%,80.49
2023-11-26 7:37,Visualizer,48.35%,322.6
2023-11-26 7:37,EVAM,16.10%,80.75
2023-11-26 7:42,Visualizer,51.31%,322.6
2023-11-26 7:42,EVAM,15.14%,80.96
2023-11-26 7:47,Visualizer,49.95%,322.6
2023-11-26 7:47,EVAM,16.89%,80.92
2023-11-26 7:53,Visualizer,49.52%,322.6
2023-11-26 7:53,EVAM,15.01%,80.75
2023-11-26 7:58,Visualizer,49.53%,322.6
2023-11-26 7:58,EVAM,16.53%,80.71
2023-11-26 8:03,Visualizer,48.64%,322.6
2023-11-26 8:03,EVAM,17.07%,81
2023-11-26 8:08,Visualizer,49.77%,322.6
2023-11-26 8:08,EVAM,16.48%,80.73
2023-11-26 8:13,Visualizer,52.73%,322.6
2023-11-26 8:13,EVAM,17.10%,80.78
2023-11-26 8:18,Visualizer,52.67%,322.6
2023-11-26 8:18,EVAM,17.08%,88.66
2023-11-26 8:23,Visualizer,52.20%,322.6
2023-11-26 8:23,EVAM,16.18%,80.84
2023-11-26 8:28,Visualizer,54.78%,322.6
2023-11-26 8:28,EVAM,18.41%,81.3
2023-11-26 8:33,Visualizer,58.24%,322.6
2023-11-26 8:33,EVAM,19.30%,82.07
2023-11-26 8:38,Visualizer,55.89%,322.7
2023-11-26 8:38,EVAM,18.26%,81.36
2023-11-26 8:43,Visualizer,56.20%,322.7
2023-11-26 8:43,EVAM,19.14%,81.04
2023-11-26 8:48,Visualizer,56.08%,322.7
2023-11-26 8:48,EVAM,17.39%,80.9
2023-11-26 8:53,Visualizer,55.02%,322.7
2023-11-26 8:53,EVAM,17.78%,81.32
2023-11-26 8:58,Visualizer,56.25%,322.7
2023-11-26 8:58,EVAM,17.78%,85.95
2023-11-26 9:03,Visualizer,57.15%,322.7
2023-11-26 9:03,EVAM,18.06%,81.2
2023-11-26 9:08,Visualizer,57.54%,322.7
2023-11-26 9:08,EVAM,18.71%,81.63
2023-11-26 9:14,Visualizer,59.51%,322.7
2023-11-26 9:14,EVAM,17.96%,81.5
2023-11-26 9:19,Visualizer,59.32%,322.7
2023-11-26 9:19,EVAM,18.70%,81.66
2023-11-26 9:24,Visualizer,62.74%,322.7
2023-11-26 9:24,EVAM,19.06%,82.64
2023-11-26 9:29,Visualizer,62.47%,322.7
2023-11-26 9:29,EVAM,21.82%,90.89
2023-11-26 9:34,Visualizer,56.56%,322.6
2023-11-26 9:34,EVAM,18.73%,81.64
2023-11-26 9:39,Visualizer,63.13%,322.6
2023-11-26 9:39,EVAM,20.09%,81.71
2023-11-26 9:44,Visualizer,61.94%,322.6
2023-11-26 9:44,EVAM,20.06%,81.66
2023-11-26 9:49,Visualizer,60.88%,322.6
2023-11-26 9:49,EVAM,17.64%,82.3
2023-11-26 9:54,Visualizer,58.71%,322.6
2023-11-26 9:54,EVAM,18.68%,81.59
2023-11-26 9:59,Visualizer,60.79%,322.6
2023-11-26 9:59,EVAM,18.25%,81.59
2023-11-26 10:04,Visualizer,60.17%,322.6
2023-11-26 10:04,EVAM,19.33%,82.23
2023-11-26 10:09,Visualizer,60.90%,322.6
2023-11-26 10:09,EVAM,18.71%,81.59
2023-11-26 10:14,Visualizer,61.42%,322.6
2023-11-26 10:14,EVAM,18.92%,82.25
2023-11-26 10:19,Visualizer,60.42%,322.6
2023-11-26 10:19,EVAM,19.88%,82.3
2023-11-26 10:24,Visualizer,63.19%,322.6
2023-11-26 10:24,EVAM,20.23%,81.61
2023-11-26 10:29,Visualizer,61.26%,322.6
2023-11-26 10:29,EVAM,19.81%,82.44
2023-11-26 10:35,Visualizer,61.62%,322.6
2023-11-26 10:35,EVAM,18.97%,82.32
2023-11-26 10:40,Visualizer,59.93%,322.6
2023-11-26 10:40,EVAM,18.94%,81.64
2023-11-26 10:45,Visualizer,59.51%,322.6
2023-11-26 10:45,EVAM,21.07%,82.35
2023-11-26 10:50,Visualizer,59.58%,322.6
2023-11-26 10:50,EVAM,19.49%,90.97
2023-11-26 10:55,Visualizer,61.20%,322.6
2023-11-26 10:55,EVAM,20.08%,82.33
2023-11-26 11:00,Visualizer,62.16%,322.6
2023-11-26 11:00,EVAM,20.72%,81.64
2023-11-26 11:05,Visualizer,63.84%,322.6
2023-11-26 11:05,EVAM,19.40%,82.61
2023-11-26 11:10,Visualizer,61.66%,322.6
2023-11-26 11:10,EVAM,18.53%,81.59
2023-11-26 11:15,Visualizer,59.58%,322.6
2023-11-26 11:15,EVAM,20.30%,90.7
2023-11-26 11:20,Visualizer,58.77%,322.6
2023-11-26 11:20,EVAM,17.97%,81.51
2023-11-26 11:25,Visualizer,58.28%,322.6
2023-11-26 11:25,EVAM,18.84%,81.48
2023-11-26 11:30,Visualizer,53.47%,322.6
2023-11-26 11:30,EVAM,18.24%,81.92
2023-11-26 11:35,Visualizer,58.72%,322.6
2023-11-26 11:35,EVAM,17.47%,81.67
2023-11-26 11:40,Visualizer,59.25%,322.6
2023-11-26 11:40,EVAM,18.75%,90.53
2023-11-26 11:45,Visualizer,62.23%,322.6
2023-11-26 11:45,EVAM,19.03%,81.54
2023-11-26 11:50,Visualizer,60.05%,322.6
2023-11-26 11:50,EVAM,17.71%,81.57
2023-11-26 11:55,Visualizer,61.56%,322.6
2023-11-26 11:55,EVAM,18.59%,82.22
2023-11-26 12:01,Visualizer,61.87%,322.6
2023-11-26 12:01,EVAM,17.83%,81.59
2023-11-26 12:06,Visualizer,58.94%,322.6
2023-11-26 12:06,EVAM,18.86%,81.56
2023-11-26 12:11,Visualizer,60.99%,322.6
2023-11-26 12:11,EVAM,18.05%,81.05
2023-11-26 12:16,Visualizer,58.84%,322.6
2023-11-26 12:16,EVAM,18.65%,81.53
2023-11-26 12:21,Visualizer,58.02%,322.6
2023-11-26 12:21,EVAM,18.96%,81.52
2023-11-26 12:26,Visualizer,61.12%,322.6
2023-11-26 12:26,EVAM,18.35%,81.52
2023-11-26 12:31,Visualizer,60.28%,322.7
2023-11-26 12:31,EVAM,18.05%,81.54
2023-11-26 12:36,Visualizer,57.60%,322.6
2023-11-26 12:36,EVAM,18.58%,84.41
2023-11-26 12:41,Visualizer,57.87%,322.6
2023-11-26 12:41,EVAM,18.28%,81.57
2023-11-26 12:46,Visualizer,59.58%,322.6
2023-11-26 12:46,EVAM,19.96%,90.71
2023-11-26 12:51,Visualizer,60.27%,322.6
2023-11-26 12:51,EVAM,18.72%,81.05
2023-11-26 12:56,Visualizer,59.38%,322.6
2023-11-26 12:56,EVAM,19.26%,81.5
2023-11-26 13:01,Visualizer,58.06%,322.6
2023-11-26 13:01,EVAM,18.37%,81.5
2023-11-26 13:06,Visualizer,60.50%,322.6
2023-11-26 13:06,EVAM,18.92%,82.05
2023-11-26 13:11,Visualizer,59.24%,322.6
2023-11-26 13:11,EVAM,18.76%,81.48
2023-11-26 13:16,Visualizer,59.16%,322.6
2023-11-26 13:16,EVAM,20.13%,90.14
2023-11-26 13:22,Visualizer,60.94%,322.6
2023-11-26 13:22,EVAM,17.63%,81.52
2023-11-26 13:27,Visualizer,58.49%,322.6
2023-11-26 13:27,EVAM,17.45%,81.19
2023-11-26 13:32,Visualizer,57.57%,322.6
2023-11-26 13:32,EVAM,18.76%,81.55
2023-11-26 13:37,Visualizer,57.04%,322.6
2023-11-26 13:37,EVAM,19.50%,81.53
2023-11-26 13:42,Visualizer,60.82%,322.6
2023-11-26 13:42,EVAM,19.85%,81.61
2023-11-26 13:47,Visualizer,58.55%,322.6
2023-11-26 13:47,EVAM,19.25%,82.03
2023-11-26 13:52,Visualizer,61.13%,322.6
2023-11-26 13:52,EVAM,17.65%,81.08
2023-11-26 13:57,Visualizer,60.15%,322.6
2023-11-26 13:57,EVAM,17.77%,81.54
2023-11-26 14:02,Visualizer,56.53%,322.6
2023-11-26 14:02,EVAM,17.80%,81.51
2023-11-26 14:07,Visualizer,58.41%,322.6
2023-11-26 14:07,EVAM,17.09%,81.49
2023-11-26 14:12,Visualizer,56.65%,322.6
2023-11-26 14:12,EVAM,17.13%,81.49
2023-11-26 14:17,Visualizer,58.40%,322.6
2023-11-26 14:17,EVAM,17.32%,81.45
2023-11-26 14:22,Visualizer,56.65%,322.6
2023-11-26 14:22,EVAM,17.66%,81.89
2023-11-26 14:27,Visualizer,57.44%,322.6
2023-11-26 14:27,EVAM,18.33%,81.19
2023-11-26 14:32,Visualizer,56.93%,322.6
2023-11-26 14:32,EVAM,19.94%,81.94
2023-11-26 14:37,Visualizer,56.63%,322.6
2023-11-26 14:37,EVAM,17.40%,81.42
2023-11-26 14:42,Visualizer,55.39%,322.6
2023-11-26 14:42,EVAM,18.96%,81.19
2023-11-26 14:48,Visualizer,56.56%,322.6
2023-11-26 14:48,EVAM,18.33%,81.35
2023-11-26 14:53,Visualizer,56.05%,322.6
2023-11-26 14:53,EVAM,19.62%,81.47
2023-11-26 14:58,Visualizer,57.07%,322.6
2023-11-26 14:58,EVAM,16.58%,81.72
2023-11-26 15:03,Visualizer,56.98%,322.6
2023-11-26 15:03,EVAM,18.30%,81.43
2023-11-26 15:08,Visualizer,56.89%,322.6
2023-11-26 15:08,EVAM,16.82%,80.94
2023-11-26 15:13,Visualizer,57.38%,322.6
2023-11-26 15:13,EVAM,18.24%,81.45
2023-11-26 15:18,Visualizer,55.25%,322.6
2023-11-26 15:18,EVAM,20.22%,81.33
2023-11-26 15:23,Visualizer,58.00%,322.6
2023-11-26 15:23,EVAM,17.56%,81.41
2023-11-26 15:28,Visualizer,53.83%,322.6
2023-11-26 15:28,EVAM,16.84%,81.43
2023-11-26 15:33,Visualizer,56.76%,322.6
2023-11-26 15:33,EVAM,18.87%,81.41
2023-11-26 15:38,Visualizer,58.11%,322.6
2023-11-26 15:38,EVAM,16.88%,80.94
2023-11-26 15:43,Visualizer,57.11%,322.6
2023-11-26 15:43,EVAM,16.82%,81.18
2023-11-26 15:48,Visualizer,57.02%,322.6
2023-11-26 15:48,EVAM,16.90%,81.38
2023-11-26 15:53,Visualizer,54.25%,322.6
2023-11-26 15:53,EVAM,18.07%,81.36
2023-11-26 15:58,Visualizer,55.26%,322.6
2023-11-26 15:58,EVAM,16.87%,81.38
2023-11-26 16:03,Visualizer,54.62%,322.6
2023-11-26 16:03,EVAM,16.60%,81.33
2023-11-26 16:09,Visualizer,56.61%,322.6
2023-11-26 16:09,EVAM,18.13%,80.91
2023-11-26 16:14,Visualizer,57.25%,322.6
2023-11-26 16:14,EVAM,17.55%,81.38
2023-11-26 16:19,Visualizer,54.56%,322.6
2023-11-26 16:19,EVAM,17.83%,80.91
2023-11-26 16:24,Visualizer,54.62%,322.6
2023-11-26 16:24,EVAM,18.15%,89.47
2023-11-26 16:29,Visualizer,58.43%,322.6
2023-11-26 16:29,EVAM,16.95%,81.2
2023-11-26 16:34,Visualizer,55.58%,322.6
2023-11-26 16:34,EVAM,16.34%,81.27
2023-11-26 16:39,Visualizer,53.65%,322.6
2023-11-26 16:39,EVAM,17.10%,81.1
2023-11-26 16:44,Visualizer,55.02%,322.6
2023-11-26 16:44,EVAM,17.31%,81.07
2023-11-26 16:49,Visualizer,54.37%,322.6
2023-11-26 16:49,EVAM,17.81%,81.19
2023-11-26 16:54,Visualizer,54.20%,322.6
2023-11-26 16:54,EVAM,16.37%,80.81
2023-11-26 16:59,Visualizer,50.84%,322.6
2023-11-26 16:59,EVAM,17.32%,80.89
2023-11-26 17:04,Visualizer,50.72%,322.6
2023-11-26 17:04,EVAM,17.58%,81.01
2023-11-26 17:09,Visualizer,49.68%,322.6
2023-11-26 17:09,EVAM,15.04%,80.87
2023-11-26 17:14,Visualizer,50.21%,322.6
2023-11-26 17:14,EVAM,16.04%,80.89
2023-11-26 17:20,Visualizer,49.42%,322.6
2023-11-26 17:20,EVAM,16.98%,80.93
2023-11-26 17:25,Visualizer,48.57%,322.6
2023-11-26 17:25,EVAM,14.82%,80.69
2023-11-26 17:30,Visualizer,48.02%,322.6
2023-11-26 17:30,EVAM,15.77%,80.72
2023-11-26 17:35,Visualizer,46.95%,322.6
2023-11-26 17:35,EVAM,14.98%,80.75
2023-11-26 17:40,Visualizer,47.70%,322.6
2023-11-26 17:40,EVAM,15.75%,80.75
2023-11-26 17:45,Visualizer,48.78%,322.6
2023-11-26 17:45,EVAM,14.65%,80.73
2023-11-26 17:50,Visualizer,49.01%,322.6
2023-11-26 17:50,EVAM,16.04%,80.5
2023-11-26 17:55,Visualizer,46.93%,322.6
2023-11-26 17:55,EVAM,15.43%,80.84
2023-11-26 18:00,Visualizer,48.84%,322.6
2023-11-26 18:00,EVAM,15.83%,80.84
2023-11-26 18:05,Visualizer,48.19%,322.6
2023-11-26 18:05,EVAM,15.00%,80.97
2023-11-26 18:10,Visualizer,48.80%,322.6
2023-11-26 18:10,EVAM,15.67%,80.77
2023-11-26 18:15,Visualizer,49.89%,322.6
2023-11-26 18:15,EVAM,15.34%,80.87
2023-11-26 18:20,Visualizer,48.76%,322.6
2023-11-26 18:20,EVAM,15.86%,80.91
2023-11-26 18:25,Visualizer,47.46%,322.6
2023-11-26 18:25,EVAM,14.25%,80.54
2023-11-26 18:31,Visualizer,47.48%,322.6
2023-11-26 18:31,EVAM,15.40%,80.74
2023-11-26 18:36,Visualizer,47.92%,322.6
2023-11-26 18:36,EVAM,15.50%,80.61
2023-11-26 18:41,Visualizer,47.12%,322.6
2023-11-26 18:41,EVAM,15.78%,80.87
2023-11-26 18:46,Visualizer,46.80%,322.6
2023-11-26 18:46,EVAM,15.74%,80.67
2023-11-26 18:51,Visualizer,46.94%,322.6
2023-11-26 18:51,EVAM,14.45%,80.79
2023-11-26 18:56,Visualizer,46.38%,322.6
2023-11-26 18:56,EVAM,15.39%,80.74
2023-11-26 19:01,Visualizer,46.61%,322.6
2023-11-26 19:01,EVAM,15.39%,80.67
2023-11-26 19:06,Visualizer,48.54%,322.5
2023-11-26 19:06,EVAM,16.37%,80.89
2023-11-26 19:11,Visualizer,48.10%,322.4
2023-11-26 19:11,EVAM,14.14%,81.02
2023-11-26 19:16,Visualizer,48.74%,322.4
2023-11-26 19:16,EVAM,15.87%,80.9
2023-11-26 19:21,Visualizer,48.02%,322.4
2023-11-26 19:21,EVAM,16.13%,80.91
2023-11-26 19:26,Visualizer,48.78%,322.4
2023-11-26 19:26,EVAM,15.60%,80.58
2023-11-26 19:31,Visualizer,46.96%,322.4
2023-11-26 19:31,EVAM,15.17%,80.81
2023-11-26 19:37,Visualizer,50.52%,322.4
2023-11-26 19:37,EVAM,15.11%,80.9
2023-11-26 19:42,Visualizer,49.40%,322.4
2023-11-26 19:42,EVAM,17.22%,80.92
2023-11-26 19:47,Visualizer,47.63%,322.4
2023-11-26 19:47,EVAM,14.21%,80.63
2023-11-26 19:52,Visualizer,52.06%,322.4
2023-11-26 19:52,EVAM,16.59%,80.76
2023-11-26 19:57,Visualizer,49.93%,322.4
2023-11-26 19:57,EVAM,16.20%,80.83
2023-11-26 20:02,Visualizer,50.00%,322.4
2023-11-26 20:02,EVAM,15.75%,80.84
2023-11-26 20:07,Visualizer,48.14%,322.4
2023-11-26 20:07,EVAM,15.05%,80.75
2023-11-26 20:12,Visualizer,53.01%,322.4
2023-11-26 20:12,EVAM,15.98%,81.26
2023-11-26 20:17,Visualizer,46.81%,322.4
2023-11-26 20:17,EVAM,14.76%,80.89
2023-11-26 20:22,Visualizer,48.25%,322.4
2023-11-26 20:22,EVAM,15.77%,80.34
2023-11-26 20:27,Visualizer,47.12%,322.3
2023-11-26 20:27,EVAM,16.57%,80.68
2023-11-26 20:32,Visualizer,46.54%,322.2
2023-11-26 20:32,EVAM,14.68%,80.91
2023-11-26 20:37,Visualizer,49.79%,322.2
2023-11-26 20:37,EVAM,15.75%,80.96
2023-11-26 20:42,Visualizer,49.10%,321.9
2023-11-26 20:42,EVAM,15.38%,89.48
2023-11-26 20:48,Visualizer,47.25%,321.8
2023-11-26 20:48,EVAM,15.77%,80.85
2023-11-26 20:53,Visualizer,51.63%,321.8
2023-11-26 20:53,EVAM,16.01%,80.75
2023-11-26 20:58,Visualizer,48.94%,321.8
2023-11-26 20:58,EVAM,15.70%,80.74
2023-11-26 21:03,Visualizer,46.45%,321.8
2023-11-26 21:03,EVAM,15.97%,80.61
2023-11-26 21:08,Visualizer,47.10%,321.8
2023-11-26 21:08,EVAM,15.56%,89.43
2023-11-26 21:13,Visualizer,47.76%,321.8
2023-11-26 21:13,EVAM,16.18%,80.95
2023-11-26 21:18,Visualizer,48.12%,321.8
2023-11-26 21:18,EVAM,15.02%,80.76
2023-11-26 21:23,Visualizer,49.13%,321.8
2023-11-26 21:23,EVAM,14.96%,80.82
2023-11-26 21:28,Visualizer,49.85%,321.8
2023-11-26 21:28,EVAM,17.01%,80.75
2023-11-26 21:33,Visualizer,48.89%,321.8
2023-11-26 21:33,EVAM,16.08%,80.86
2023-11-26 21:38,Visualizer,46.68%,321.8
2023-11-26 21:38,EVAM,14.72%,80.92
2023-11-26 21:43,Visualizer,47.79%,321.8
2023-11-26 21:43,EVAM,14.98%,80.91
2023-11-26 21:48,Visualizer,47.27%,321.8
2023-11-26 21:48,EVAM,16.03%,80.8
2023-11-26 21:54,Visualizer,48.47%,321.8
2023-11-26 21:54,EVAM,14.85%,80.93
2023-11-26 21:59,Visualizer,47.60%,321.8
2023-11-26 21:59,EVAM,15.55%,89.49
2023-11-26 22:04,Visualizer,48.62%,321.8
2023-11-26 22:04,EVAM,15.38%,80.89
2023-11-26 22:09,Visualizer,50.54%,321.8
2023-11-26 22:09,EVAM,15.13%,80.95
2023-11-26 22:14,Visualizer,47.66%,321.8
2023-11-26 22:14,EVAM,17.33%,89.57
2023-11-26 22:19,Visualizer,47.14%,321.8
2023-11-26 22:19,EVAM,15.31%,80.8
2023-11-26 22:24,Visualizer,51.24%,321.9
2023-11-26 22:24,EVAM,14.75%,80.85
2023-11-26 22:29,Visualizer,46.32%,321.9
2023-11-26 22:29,EVAM,16.62%,80.97
2023-11-26 22:34,Visualizer,47.97%,321.9
2023-11-26 22:34,EVAM,15.02%,80.87
2023-11-26 22:39,Visualizer,48.78%,321.9
2023-11-26 22:39,EVAM,15.54%,80.86
2023-11-26 22:44,Visualizer,49.76%,321.9
2023-11-26 22:44,EVAM,16.54%,81.28
2023-11-26 22:49,Visualizer,48.41%,322
2023-11-26 22:49,EVAM,16.65%,80.88
2023-11-26 22:54,Visualizer,48.02%,322
2023-11-26 22:54,EVAM,16.99%,80.95
2023-11-26 22:59,Visualizer,48.31%,322
2023-11-26 22:59,EVAM,15.69%,80.74
2023-11-26 23:05,Visualizer,49.96%,322
2023-11-26 23:05,EVAM,15.04%,81.03
2023-11-26 23:10,Visualizer,47.18%,322
2023-11-26 23:10,EVAM,16.07%,89.61
2023-11-26 23:15,Visualizer,45.98%,322
2023-11-26 23:15,EVAM,15.50%,81.02
2023-11-26 23:20,Visualizer,48.87%,322
2023-11-26 23:20,EVAM,15.87%,81.07
2023-11-26 23:25,Visualizer,50.04%,322
2023-11-26 23:25,EVAM,15.74%,89.62
2023-11-26 23:30,Visualizer,49.04%,322
2023-11-26 23:30,EVAM,15.31%,80.91
2023-11-26 23:35,Visualizer,49.16%,322
2023-11-26 23:35,EVAM,15.28%,80.89
2023-11-26 23:40,Visualizer,48.10%,322
2023-11-26 23:40,EVAM,15.47%,81.02
2023-11-26 23:45,Visualizer,48.13%,322
2023-11-26 23:45,EVAM,15.31%,80.87
2023-11-26 23:50,Visualizer,47.58%,322
2023-11-26 23:50,EVAM,15.65%,81.11
2023-11-26 23:55,Visualizer,48.84%,322
2023-11-26 23:55,EVAM,15.86%,80.96
2023-11-27 0:00,Visualizer,49.87%,322
2023-11-27 0:00,EVAM,16.32%,80.74
2023-11-27 0:05,Visualizer,47.43%,322
2023-11-27 0:05,EVAM,16.90%,81.13
2023-11-27 0:11,Visualizer,47.27%,322
2023-11-27 0:11,EVAM,16.37%,81.05
2023-11-27 0:16,Visualizer,48.27%,322
2023-11-27 0:16,EVAM,14.64%,81.09
2023-11-27 0:21,Visualizer,49.39%,322
2023-11-27 0:21,EVAM,15.06%,81.34
2023-11-27 0:26,Visualizer,45.72%,322
2023-11-27 0:26,EVAM,15.21%,81.08
2023-11-27 0:31,Visualizer,44.84%,322
2023-11-27 0:31,EVAM,16.31%,89.9
2023-11-27 0:36,Visualizer,45.35%,322
2023-11-27 0:36,EVAM,15.07%,81.11
2023-11-27 0:41,Visualizer,44.21%,322
2023-11-27 0:41,EVAM,15.04%,81.05
2023-11-27 0:46,Visualizer,41.10%,322
2023-11-27 0:46,EVAM,13.63%,81.26
2023-11-27 0:51,Visualizer,45.07%,322
2023-11-27 0:51,EVAM,14.73%,81.05
2023-11-27 0:56,Visualizer,42.39%,322
2023-11-27 0:56,EVAM,16.62%,87.75
2023-11-27 1:01,Visualizer,46.54%,321.9
2023-11-27 1:01,EVAM,15.60%,80.91
2023-11-27 1:06,Visualizer,44.06%,321.8
2023-11-27 1:06,EVAM,14.06%,81.18
2023-11-27 1:11,Visualizer,43.68%,321.8
2023-11-27 1:11,EVAM,15.19%,81.01
2023-11-27 1:16,Visualizer,46.31%,321.7
2023-11-27 1:16,EVAM,14.17%,81.14
2023-11-27 1:22,Visualizer,44.76%,321.7
2023-11-27 1:22,EVAM,14.94%,81.27
2023-11-27 1:27,Visualizer,45.27%,321.6
2023-11-27 1:27,EVAM,14.42%,81.26
2023-11-27 1:32,Visualizer,43.14%,321.6
2023-11-27 1:32,EVAM,14.56%,81.25
2023-11-27 1:37,Visualizer,44.56%,321.6
2023-11-27 1:37,EVAM,14.06%,80.92
2023-11-27 1:42,Visualizer,45.11%,321.6
2023-11-27 1:42,EVAM,14.05%,81.14
2023-11-27 1:47,Visualizer,46.39%,321.6
2023-11-27 1:47,EVAM,14.29%,81.12
2023-11-27 1:52,Visualizer,43.31%,321.6
2023-11-27 1:52,EVAM,14.91%,81.07
2023-11-27 1:57,Visualizer,43.23%,321.6
2023-11-27 1:57,EVAM,15.07%,81.08
2023-11-27 2:02,Visualizer,46.58%,321.5
2023-11-27 2:02,EVAM,14.83%,81.06
2023-11-27 2:07,Visualizer,45.68%,321.5
2023-11-27 2:07,EVAM,16.02%,81.16
2023-11-27 2:12,Visualizer,43.59%,321.5
2023-11-27 2:12,EVAM,14.62%,80.92
2023-11-27 2:17,Visualizer,44.13%,321.5
2023-11-27 2:17,EVAM,15.15%,81.1
2023-11-27 2:22,Visualizer,47.09%,321.5
2023-11-27 2:22,EVAM,15.05%,81.2
2023-11-27 2:27,Visualizer,42.91%,321.5
2023-11-27 2:27,EVAM,14.89%,81.42
2023-11-27 2:33,Visualizer,44.10%,321.5
2023-11-27 2:33,EVAM,15.81%,89.86
2023-11-27 2:38,Visualizer,46.58%,321.5
2023-11-27 2:38,EVAM,14.79%,81.42
2023-11-27 2:43,Visualizer,42.54%,321.5
2023-11-27 2:43,EVAM,13.78%,81.55
2023-11-27 2:48,Visualizer,44.89%,321.5
2023-11-27 2:48,EVAM,15.74%,81.42
2023-11-27 2:53,Visualizer,45.43%,321.5
2023-11-27 2:53,EVAM,14.58%,81.28
2023-11-27 2:58,Visualizer,43.68%,321.5
2023-11-27 2:58,EVAM,14.72%,81.32
2023-11-27 3:03,Visualizer,45.77%,321.5
2023-11-27 3:03,EVAM,14.57%,81.28
2023-11-27 3:08,Visualizer,44.33%,321.5
2023-11-27 3:08,EVAM,15.60%,81.12
2023-11-27 3:13,Visualizer,44.03%,321.5
2023-11-27 3:13,EVAM,14.48%,81.21
2023-11-27 3:18,Visualizer,45.96%,321.5
2023-11-27 3:18,EVAM,14.02%,81.2
2023-11-27 3:23,Visualizer,43.91%,321.5
2023-11-27 3:23,EVAM,14.03%,81.45
2023-11-27 3:28,Visualizer,46.53%,321.5
2023-11-27 3:28,EVAM,15.43%,81.08
2023-11-27 3:33,Visualizer,45.56%,321.5
2023-11-27 3:33,EVAM,14.90%,81.27
2023-11-27 3:39,Visualizer,47.11%,321.3
2023-11-27 3:39,EVAM,17.95%,81.45
2023-11-27 3:44,Visualizer,46.38%,321.2
2023-11-27 3:44,EVAM,16.88%,81.74
2023-11-27 3:49,Visualizer,45.94%,321.2
2023-11-27 3:49,EVAM,14.34%,81.84
2023-11-27 3:54,Visualizer,44.77%,321.1
2023-11-27 3:54,EVAM,14.98%,81.85
2023-11-27 3:59,Visualizer,43.32%,321
2023-11-27 3:59,EVAM,15.79%,81.91
2023-11-27 4:04,Visualizer,44.11%,321
2023-11-27 4:04,EVAM,16.28%,81.87
2023-11-27 4:09,Visualizer,44.41%,320.8
2023-11-27 4:09,EVAM,14.91%,81.84
2023-11-27 4:14,Visualizer,45.20%,320.6
2023-11-27 4:14,EVAM,15.12%,81.55
2023-11-27 4:19,Visualizer,42.95%,320.6
2023-11-27 4:19,EVAM,15.80%,90.38
2023-11-27 4:24,Visualizer,45.88%,320.6
2023-11-27 4:24,EVAM,15.51%,81.88
2023-11-27 4:29,Visualizer,43.93%,320.6
2023-11-27 4:29,EVAM,15.79%,90.17
2023-11-27 4:34,Visualizer,43.75%,320
2023-11-27 4:34,EVAM,14.24%,81.88
2023-11-27 4:39,Visualizer,44.40%,319.9
2023-11-27 4:39,EVAM,15.41%,90.18
2023-11-27 4:44,Visualizer,42.17%,319.5
2023-11-27 4:44,EVAM,14.67%,81.52
2023-11-27 4:50,Visualizer,44.83%,319.4
2023-11-27 4:50,EVAM,14.79%,81.89
2023-11-27 4:55,Visualizer,46.51%,319.3
2023-11-27 4:55,EVAM,15.25%,81.8
2023-11-27 5:00,Visualizer,44.52%,319.2
2023-11-27 5:00,EVAM,15.49%,81.87
2023-11-27 5:05,Visualizer,43.58%,319.2
2023-11-27 5:05,EVAM,15.01%,81.4
2023-11-27 5:10,Visualizer,45.26%,319
2023-11-27 5:10,EVAM,14.98%,81.55
2023-11-27 5:15,Visualizer,45.82%,318.9
2023-11-27 5:15,EVAM,14.99%,81.65
2023-11-27 5:20,Visualizer,44.75%,318.8
2023-11-27 5:20,EVAM,15.20%,81.86
2023-11-27 5:25,Visualizer,44.85%,318.7
2023-11-27 5:25,EVAM,14.86%,81.67
2023-11-27 5:30,Visualizer,46.03%,318.7
2023-11-27 5:30,EVAM,14.83%,81.7
2023-11-27 5:35,Visualizer,43.80%,318.7
2023-11-27 5:35,EVAM,16.13%,81.8
2023-11-27 5:40,Visualizer,45.63%,318.6
2023-11-27 5:40,EVAM,15.11%,81.63
2023-11-27 5:45,Visualizer,43.82%,318.6
2023-11-27 5:45,EVAM,14.30%,81.75
2023-11-27 5:50,Visualizer,44.46%,318.6
2023-11-27 5:50,EVAM,15.20%,81.63
2023-11-27 5:55,Visualizer,45.60%,318.5
2023-11-27 5:55,EVAM,15.27%,81.84
2023-11-27 6:01,Visualizer,43.77%,318.5
2023-11-27 6:01,EVAM,15.39%,81.64
2023-11-27 6:06,Visualizer,46.86%,318.5
2023-11-27 6:06,EVAM,16.85%,81.63
2023-11-27 6:11,Visualizer,44.46%,318.5
2023-11-27 6:11,EVAM,14.09%,81.5
2023-11-27 6:16,Visualizer,43.03%,318.1
2023-11-27 6:16,EVAM,14.27%,81.62
2023-11-27 6:21,Visualizer,46.10%,317.7
2023-11-27 6:21,EVAM,13.94%,81.58
2023-11-27 6:26,Visualizer,57.76%,317.8
2023-11-27 6:26,EVAM,18.79%,82.64
2023-11-27 6:31,Visualizer,63.79%,317.6
2023-11-27 6:31,EVAM,19.60%,82.77
2023-11-27 6:36,Visualizer,67.65%,317.6
2023-11-27 6:36,EVAM,17.87%,83.68
2023-11-27 6:41,Visualizer,64.26%,310.7
2023-11-27 6:41,EVAM,20.18%,90.15
2023-11-27 6:46,Visualizer,62.66%,310.7
2023-11-27 6:46,EVAM,20.06%,83.56
2023-11-27 6:51,Visualizer,64.16%,310.7
2023-11-27 6:51,EVAM,20.70%,92.2
2023-11-27 6:56,Visualizer,64.92%,310.7
2023-11-27 6:56,EVAM,20.00%,82.63
2023-11-27 7:01,Visualizer,66.38%,310.7
2023-11-27 7:01,EVAM,21.18%,82.63
2023-11-27 7:06,Visualizer,68.75%,310.7
2023-11-27 7:06,EVAM,20.48%,82.62
2023-11-27 7:11,Visualizer,69.02%,310.7
2023-11-27 7:11,EVAM,19.37%,83.63
2023-11-27 7:17,Visualizer,62.98%,310.7
2023-11-27 7:17,EVAM,19.84%,83.51
